true_class,pred_class,count,mean_confidence,max_confidence
mel,nv,76,0.50746274,0.859302
bkl,nv,55,0.5316907,0.8656215
nv,bkl,34,0.3778994,0.7463245
nv,mel,32,0.35674372,0.5946005
mel,bkl,27,0.41328016,0.6118214
nv,bcc,22,0.3462923,0.57228595
bkl,mel,19,0.39890978,0.59448045
bkl,bcc,19,0.3768349,0.6800835
akiec,bcc,17,0.3967938,0.62174416
mel,bcc,11,0.34850276,0.6625877
bcc,bkl,11,0.31290832,0.4265758
bcc,nv,10,0.3954936,0.5093314
akiec,bkl,9,0.3508106,0.5213472
df,bcc,7,0.48437807,0.7747109
bkl,akiec,7,0.35763243,0.3948789
akiec,nv,7,0.31716782,0.44191405
nv,df,7,0.29214606,0.3247341
nv,vasc,6,0.51197714,0.89108515
vasc,nv,6,0.41412067,0.75499016
nv,akiec,5,0.33468476,0.36832494
