lesion_id,image_id,dx,dx_type,age,sex,localization,image_path,split,true_idx,pred_idx,true_class,pred_class,confidence,is_correct,error_pair,prob_akiec,prob_bcc,prob_bkl,prob_df,prob_mel,prob_nv,prob_vasc
HAM_0006703,ISIC_0031833,nv,follow_up,45.0,female,lower extremity,data/raw/HAM10000_images_part_2/ISIC_0031833.jpg,test,5,6,nv,vasc,0.99765176,False,nv → vasc,2.1985507e-08,0.00045791423,9.5266965e-05,4.1531587e-07,8.0824575e-05,0.001713845,0.99765176
HAM_0002043,ISIC_0030160,bkl,consensus,80.0,male,lower extremity,data/raw/HAM10000_images_part_2/ISIC_0030160.jpg,test,2,5,bkl,nv,0.98758066,False,bkl → nv,8.245051e-06,7.2134617e-06,0.002582166,0.009240657,2.2776107e-05,0.98758066,0.0005582165
HAM_0004713,ISIC_0031125,bkl,consensus,60.0,female,trunk,data/raw/HAM10000_images_part_2/ISIC_0031125.jpg,test,2,5,bkl,nv,0.97736675,False,bkl → nv,0.00027392607,4.0206753e-05,0.017291242,0.002138964,0.0027540366,0.97736675,0.00013474571
HAM_0001726,ISIC_0024700,mel,histo,35.0,female,trunk,data/raw/HAM10000_images_part_1/ISIC_0024700.jpg,test,4,5,mel,nv,0.9606039,False,mel → nv,9.318574e-05,1.6370563e-05,0.029855136,0.0018364926,0.0075556366,0.9606039,3.924421e-05
HAM_0006088,ISIC_0028760,mel,histo,30.0,female,abdomen,data/raw/HAM10000_images_part_1/ISIC_0028760.jpg,test,4,5,mel,nv,0.9485502,False,mel → nv,0.0034102113,0.0014438422,0.027062815,0.004528036,0.011763109,0.9485502,0.0032417665
HAM_0001589,ISIC_0030067,bkl,consensus,70.0,male,face,data/raw/HAM10000_images_part_2/ISIC_0030067.jpg,test,2,5,bkl,nv,0.9181387,False,bkl → nv,0.00020077011,7.0869064e-05,0.017688043,0.06355571,0.00018584533,0.9181387,0.00016012971
HAM_0002764,ISIC_0030366,mel,histo,60.0,female,back,data/raw/HAM10000_images_part_2/ISIC_0030366.jpg,test,4,5,mel,nv,0.90813744,False,mel → nv,0.0025003639,0.0022827599,0.037732422,0.014592208,0.017718695,0.90813744,0.01703605
HAM_0000562,ISIC_0026166,nv,histo,55.0,male,upper extremity,data/raw/HAM10000_images_part_1/ISIC_0026166.jpg,test,5,2,nv,bkl,0.8959129,False,nv → bkl,0.007693787,0.005264889,0.8959129,0.0046364325,0.05784261,0.028648986,3.6657755e-07
HAM_0002034,ISIC_0027954,bkl,consensus,5.0,male,abdomen,data/raw/HAM10000_images_part_1/ISIC_0027954.jpg,test,2,5,bkl,nv,0.8956749,False,bkl → nv,0.0035781218,0.0006723932,0.06251831,0.030956728,0.006293043,0.8956749,0.00030657573
HAM_0001160,ISIC_0024340,nv,histo,10.0,female,foot,data/raw/HAM10000_images_part_1/ISIC_0024340.jpg,test,5,2,nv,bkl,0.88634765,False,nv → bkl,0.0013539066,0.0006939955,0.88634765,0.00072347757,0.0531971,0.05768363,1.7302008e-07
HAM_0006207,ISIC_0030034,mel,histo,50.0,female,back,data/raw/HAM10000_images_part_2/ISIC_0030034.jpg,test,4,5,mel,nv,0.88431585,False,mel → nv,0.00032175586,0.0012240991,0.011360695,0.0128978565,0.0024166903,0.88431585,0.08746303
HAM_0007171,ISIC_0026909,mel,histo,30.0,female,lower extremity,data/raw/HAM10000_images_part_1/ISIC_0026909.jpg,test,4,5,mel,nv,0.8557559,False,mel → nv,0.00046301002,0.00021480302,0.018778844,8.752244e-05,0.124252774,0.8557559,0.0004471448
HAM_0001443,ISIC_0025804,bkl,consensus,50.0,male,lower extremity,data/raw/HAM10000_images_part_1/ISIC_0025804.jpg,test,2,5,bkl,nv,0.8458775,False,bkl → nv,0.00047991506,5.1348867e-05,0.10752605,0.0023708066,0.043691933,0.8458775,2.3905634e-06
