epoch,train_loss,train_accuracy,val_loss,val_accuracy,learning_rate
1,1.8314219366904743,0.41913765936112307,1.3279849013834024,0.5483028720626631,0.001
2,1.6974411811276708,0.4409110442629996,1.348214054543418,0.5143603133159269,0.001
3,1.5832525224641953,0.45853029651912336,1.2464280875482385,0.5202349869451697,0.001
4,1.5171844110227966,0.44305973356252687,1.1641137322931314,0.5378590078328982,0.001
5,1.5159029485400333,0.46540610227761064,1.4221417163121794,0.4464751958224543,0.001
6,1.4540285821665222,0.4664088239507234,1.3138835778746842,0.48172323759791125,0.001
7,1.460038037410081,0.4410542902163014,1.1240887260623762,0.5476501305483029,0.001
8,1.4155947335929964,0.4752900730554362,1.1818017050740612,0.5248041775456919,0.001
9,1.3881917233590735,0.48717948717948717,1.2643423475733626,0.4934725848563969,0.001
10,1.3699139728192322,0.4887551926658072,1.2926969170259122,0.48825065274151436,0.001
11,1.3732335163962617,0.4830253545337344,1.1784825132036334,0.5195822454308094,0.001
12,1.2845992937144022,0.5098123478011746,1.047046563021508,0.5639686684073107,0.0005
13,1.2918293651990094,0.5227044835983383,1.1128892534395423,0.5352480417754569,0.0005
14,1.2522756852387802,0.5192665807190947,1.0443849874850042,0.566579634464752,0.0005
15,1.2380472815424404,0.5350236355822948,1.0764818018783788,0.5737597911227154,0.0005
16,1.2389343923184306,0.536456095115313,1.0417403200587778,0.5744125326370757,0.0005
17,1.1910841484634023,0.539607506087953,1.0461724548364744,0.5881201044386423,0.0005
18,1.20572518370005,0.5436183927804039,0.970009528781353,0.5920365535248042,0.0005
19,1.1905350735323799,0.5572267583440768,1.0025426550882603,0.5783289817232375,0.0005
20,1.1632606303891657,0.5461968199398367,1.0910857710452366,0.5535248041775457,0.0005
21,1.2320857021737246,0.5451940982667239,1.0120973587036133,0.5678851174934726,0.0005
22,1.1555551719552823,0.5646755479157713,1.0367975421736197,0.5528720626631853,0.0005
23,1.1467617038878068,0.5628133505228478,1.0925215818863314,0.5554830287206266,0.00025
24,1.1078785395420754,0.5738432889270878,1.0015385885462749,0.5861618798955613,0.00025
25,1.0840849425505472,0.5722675834407678,1.0577845721269712,0.5691906005221932,0.00025
